title; price; brand; article; vin
Фильтр масляный MB 246 377 14 00;8 167 ₽;https://img.armtek.ru/img/uploader/assortment/ad6/2d0ef75f40a2a6c33d9a3b60365d3ad6/images/mb_700900001692795145.webp;https://img.armtek.ru/img/article/614/6145110/100x100/6145110_0.png;A2463771400 
Фильтр АКПП MB 246 377 24 00;7 671 ₽;https://img.armtek.ru/img/uploader/assortment/ad6/2d0ef75f40a2a6c33d9a3b60365d3ad6/images/mb_700900001692795145.webp;https://img.armtek.ru/img/article/854/8542431/100x100/8542431_0.png;A2463772400 
Натяжитель ремня HYUNDAI SOLARIS (2017>) 'Аналог' cross-reference 2528104600;2 016 ₽;https://img.armtek.ru/img/uploader/assortment/645/b8835d30b5734cab2ea58c15d9320645/images/novyy-proekt-26_868876001693908629.webp;null;2528104600 
Катушка зажигания MB 2829062100;15 511 ₽;https://img.armtek.ru/img/uploader/assortment/ad6/2d0ef75f40a2a6c33d9a3b60365d3ad6/images/mb_700900001692795145.webp;null;A2829062100 
2102004014 КОМПЛЕКТ ПОДШИПНИКОВ СКОЛЬЖЕНИЯ КОЛЕНВАЛА (10ШТ);378 ₽;https://img.armtek.ru/img/uploader/assortment/948/e81fc05341bb991ea7aeb70543ad6948/images/mobis_879981001692595441.webp;null;2102004014 
АВТОКОМПОНЕНТ 2306004011 (HYUNDAI / KIA);751 ₽;https://img.armtek.ru/img/uploader/assortment/948/e81fc05341bb991ea7aeb70543ad6948/images/mobis_879981001692595441.webp;null;2306004011 
ШЕСТЕРНЯ.;3 664 ₽;https://img.armtek.ru/img/uploader/assortment/948/e81fc05341bb991ea7aeb70543ad6948/images/mobis_879981001692595441.webp;https://img.armtek.ru/img/article/165/16546332/100x100/16546332_0.png;2312103AA0 
гидронатяжитель цепи ГРМ!\ Hyundai Solaris 1.4 17>;5 908 ₽;https://img.armtek.ru/img/uploader/assortment/a1d/1021a689d9d09899b2d0414a4cd3da1d/images/18_195010001692963248.webp;https://img.armtek.ru/img/article/101/10100274/100x100/10100274_0.png;2441003000 
Сальник коленвала задний 2144303011;683 ₽;null;null;2144303011 
Клапан контроля давления масла задний (- Россия);3 548 ₽;https://img.armtek.ru/img/uploader/assortment/948/e81fc05341bb991ea7aeb70543ad6948/images/mobis_879981001692595441.webp;https://img.armtek.ru/img/article/165/16546690/100x100/16546690_0.png;2437503020 
НАСОС МАСЛЯНЫЙ;2 340 ₽;https://img.armtek.ru/img/uploader/assortment/948/e81fc05341bb991ea7aeb70543ad6948/images/mobis_879981001692595441.webp;https://img.armtek.ru/img/article/160/16057821/100x100/16057821_0.png;2131003800 
Hyundai / KIA (2443203000) Направляющая цепи грм;858 ₽;https://img.armtek.ru/img/uploader/assortment/948/e81fc05341bb991ea7aeb70543ad6948/images/mobis_879981001692595441.webp;https://img.armtek.ru/img/article/162/16263254/100x100/16263254_0.png;2443203000 
натяжитель ремня ГРМ!\ Toyota Land Cruiser 4.7 98>, Lexus LS 4.0 94>/4.3 00>;4 590 ₽;https://img.armtek.ru/img/uploader/assortment/6df/668f6b6ef51139ed90b7b47f944f66df/images/tayota_124303001692363411.webp;https://img.armtek.ru/img/article/183/1834290/100x100/1834290_0.png;1354050030 
Ролик;5 867 ₽;https://img.armtek.ru/img/uploader/assortment/6df/668f6b6ef51139ed90b7b47f944f66df/images/tayota_124303001692363411.webp;null;1350350010 
ролик обводной ремня ГРМ!\ Toyota Land Cruiser 100 UZJ100 2UZFE;5 482 ₽;https://img.armtek.ru/img/uploader/assortment/6df/668f6b6ef51139ed90b7b47f944f66df/images/tayota_124303001692363411.webp;https://img.armtek.ru/img/article/856/85666/100x100/85666_0.png;1350350011 
Цепь;2 549 ₽;https://img.armtek.ru/img/uploader/assortment/97f/56a1e2d298cdc6d2dad3ece1b285c97f/images/deko_070888001694527476.webp;null;13028CK80A 
Фильтр масляный VAG 06K115562;3 263 ₽;null;https://img.armtek.ru/img/article/808/8087035/100x100/8087035_0.png;06K115562 
Не найдено 
Фильтр масляный VAG 06L115562B Audi A3/A4 1.8/2.0TFSi 11>;2 007 ₽;null;https://img.armtek.ru/img/article/174/17487386/100x100/17487386_0.png;06L115562B 
цепь ГРМ! двурядная\ MB C230/C250/E250/C280/E280/C300 2.5/3.0/3.5/4.7/5.5 04>;28 733 ₽;https://img.armtek.ru/img/uploader/assortment/ad6/2d0ef75f40a2a6c33d9a3b60365d3ad6/images/mb_700900001692795145.webp;https://img.armtek.ru/img/article/652/6520471/100x100/6520471_0.png;A0009930676 
РЕМКОМПЛЕКТ ГРМ TOYOTA 1AZ / 2AZ ALPHARD / CAMRY / ESTIMA / RAV4 / VOXY / 13506-28010;1 471 ₽;https://img.armtek.ru/img/uploader/assortment/731/60e4e1b39e1a127cfc0a17d894ed3731/images/dar_588841001694423522.webp;https://img.armtek.ru/img/article/255/25534549/100x100/25534549_0.png;1350628010 
Не найдено 
null;null;null;null;4021000Q1K 
402144AA0A BEARING;1 091 ₽;https://img.armtek.ru/img/uploader/assortment/4b2/442b308201872705b520d20600dda4b2/images/nissan_289965001692950882.webp;null;402144AA0A 
подшипник;1 091 ₽;https://img.armtek.ru/img/uploader/assortment/4b2/442b308201872705b520d20600dda4b2/images/nissan_289965001692950882.webp;null;402104AA0B 
к-кт подшипника перед. ступицы!\ Nissan Micra K12E;1 091 ₽;https://img.armtek.ru/img/uploader/assortment/4b2/442b308201872705b520d20600dda4b2/images/nissan_289965001692950882.webp;null;402104AA0A 
подшип.ступ.зад.\ Nissan Micra K12E;3 509 ₽;https://img.armtek.ru/img/uploader/assortment/4b2/442b308201872705b520d20600dda4b2/images/nissan_289965001692950882.webp;null;43210AX000 
подшипник задней ступицы!\ Nissan Micra 1.0/1.2/1.4 16V 03>/Note 06>;15 555 ₽;https://img.armtek.ru/img/uploader/assortment/4b2/442b308201872705b520d20600dda4b2/images/nissan_289965001692950882.webp;https://img.armtek.ru/img/article/160/1601172/100x100/1601172_0.png;43210AZ300 
Катушка зажигания COTTS 27301-03200;1 475 ₽;https://img.armtek.ru/img/uploader/assortment/654/1a57e9bbcacea3becf1344b631536654/images/kottis_549836001700631062.webp;null;2730103200 
Фильтр АКПП NISSAN 317281XF03;2 300 ₽;https://img.armtek.ru/img/uploader/assortment/4b2/442b308201872705b520d20600dda4b2/images/nissan_289965001692950882.webp;https://img.armtek.ru/img/article/890/8906017/100x100/8906017_0.png;317281XF03 
комплект ГРМ! \Renault Duster/Megane/Clio/Laguna 2.0 99>;37 897 ₽;https://img.armtek.ru/img/uploader/assortment/984/632163ac1c2da3a4550def75cae5c984/images/reno_111742001692594722.webp;null;130C11551R 
Комплект ремня ГРМ;18 437 ₽;https://img.armtek.ru/img/uploader/assortment/984/632163ac1c2da3a4550def75cae5c984/images/reno_111742001692594722.webp;null;7701473120 
ремкомплект ГРМ Ren;18 437 ₽;https://img.armtek.ru/img/uploader/assortment/984/632163ac1c2da3a4550def75cae5c984/images/reno_111742001692594722.webp;null;7701475115 
ремкомплект ГРМ Ren;18 437 ₽;https://img.armtek.ru/img/uploader/assortment/984/632163ac1c2da3a4550def75cae5c984/images/reno_111742001692594722.webp;null;7701477012 
комплект ГРМ! \Renault Clio/Duster/Kangoo/Laguna/Sandero/Logan/Megane 1.5dCi 03>;7 289 ₽;https://img.armtek.ru/img/uploader/assortment/984/632163ac1c2da3a4550def75cae5c984/images/reno_111742001692594722.webp;null;7701477028 
р/к ГРМ!\ Renault Espace/Laguna/Megane/Scenic 2.0/T 16V 02>;11 755 ₽;https://img.armtek.ru/img/uploader/assortment/984/632163ac1c2da3a4550def75cae5c984/images/reno_111742001692594722.webp;null;130C13130R 
РЕМЕНЬ ГРМ 2 РОЛИКА K4M;27 241 ₽;https://img.armtek.ru/img/uploader/assortment/984/632163ac1c2da3a4550def75cae5c984/images/reno_111742001692594722.webp;null;7701477014 
РОЛИК НАТЯЖНОЙ LARGUS PEKAR опорный (пласт. обойма) двиг. K4M;725 ₽;https://img.armtek.ru/img/uploader/assortment/0d8/2f9fc637b53766b3aca23d2323c3a0d8/images/pekar_800x430-removebg-preview_413247001693209902.webp;https://img.armtek.ru/img/article/479/47919777/100x100/47919777_0.png;7700107150 
Ролик натяжителя ремня ГРМ ВАЗ-Largus,Renault Logan,Sandero (16 кл);1 209 ₽;https://img.armtek.ru/img/uploader/assortment/507/9483c67a8ad13e36f91531edd0431507/images/zommer-256_093477001693347022.webp;null;7700108117 
РЕМЕНЬ ГРМ К4М,K4J +2РОЛ;29 231 ₽;https://img.armtek.ru/img/uploader/assortment/984/632163ac1c2da3a4550def75cae5c984/images/reno_111742001692594722.webp;null;7701471974 
ремкомплект ГРМ! \Renault Laguna/Megane 1.4/1.6 16V 98>;14 115 ₽;https://img.armtek.ru/img/uploader/assortment/984/632163ac1c2da3a4550def75cae5c984/images/reno_111742001692594722.webp;https://img.armtek.ru/img/article/489/4893838/100x100/4893838_0.png;130C17529R 
комплект грм!\ Renault Kangoo/Logan/Sandero/Megane 1.4-1.6 04>;4 940 ₽;https://img.armtek.ru/img/uploader/assortment/984/632163ac1c2da3a4550def75cae5c984/images/reno_111742001692594722.webp;https://img.armtek.ru/img/article/522/522057/100x100/522057_0.png;7701477024 
Ремень ГРМ 130C10178R NO BRAND;3 081 ₽;null;null;130C10178R 
Щетка стеклоочистителя 176 820 06 45 MB;8 936 ₽;https://img.armtek.ru/img/uploader/assortment/ad6/2d0ef75f40a2a6c33d9a3b60365d3ad6/images/mb_700900001692795145.webp;https://img.armtek.ru/img/article/548/5484218/100x100/5484218_0.png;A1768200645 
Не найдено 
Не найдено 
Щетка стеклоочистителя 61615A27D68 CARMECH;3 898 ₽;https://img.armtek.ru/img/uploader/assortment/645/b8835d30b5734cab2ea58c15d9320645/images/novyy-proekt-26_868876001693908629.webp;null;61615A27D68 
Щетка стеклоочистителя 204 820 19 45 MB;10 108 ₽;https://img.armtek.ru/img/uploader/assortment/ad6/2d0ef75f40a2a6c33d9a3b60365d3ad6/images/mb_700900001692795145.webp;https://img.armtek.ru/img/article/548/5486793/100x100/5486793_0.png;A2048201945 
"Щетка стеклоочистителя бескаркасная 204 820 13 00 MB 600/24'' мм/"" 600/24'' мм/"" 2 шт";5 198 ₽;https://img.armtek.ru/img/uploader/assortment/ad6/2d0ef75f40a2a6c33d9a3b60365d3ad6/images/mb_700900001692795145.webp;https://img.armtek.ru/img/article/854/8542009/100x100/8542009_0.png;A2048201300 
"Щетка стеклоочистителя 246 820 27 00 MB 650/26'' мм/"" 650/26'' мм/"" 2 шт";6 316 ₽;https://img.armtek.ru/img/uploader/assortment/ad6/2d0ef75f40a2a6c33d9a3b60365d3ad6/images/mb_700900001692795145.webp;https://img.armtek.ru/img/article/120/12015269/100x100/12015269_0.png;A2468202700 
TS WIPER BLADE;7 200 ₽;https://img.armtek.ru/img/uploader/assortment/ad6/2d0ef75f40a2a6c33d9a3b60365d3ad6/images/mb_700900001692795145.webp;https://img.armtek.ru/img/article/267/26763937/100x100/26763937_0.png;A2478200502 
"Щетка стеклоочистителя бескаркасная 166 820 10 45 28 MB Original Mercedes-Benz 700/28'' мм/"" 700/28'' мм/"" 2 шт";7 670 ₽;https://img.armtek.ru/img/uploader/assortment/ad6/2d0ef75f40a2a6c33d9a3b60365d3ad6/images/mb_700900001692795145.webp;https://img.armtek.ru/img/article/100/10019232/100x100/10019232_0.png;A166820104528 
"Щетка стеклоочистителя бескаркасная 166 820 10 45 MB Original Mercedes-Benz 650/26'' мм/"" 650/26'' мм/"" 2 шт";9 288 ₽;https://img.armtek.ru/img/uploader/assortment/ad6/2d0ef75f40a2a6c33d9a3b60365d3ad6/images/mb_700900001692795145.webp;https://img.armtek.ru/img/article/656/6560933/100x100/6560933_0.png;A1668201045 
"Щетка стеклоочистителя бескаркасная 176 820 43 00 MB Original Mercedes-Benz 600/24'' мм/"" 600/24'' мм/"" 2 шт";5 414 ₽;https://img.armtek.ru/img/uploader/assortment/ad6/2d0ef75f40a2a6c33d9a3b60365d3ad6/images/mb_700900001692795145.webp;https://img.armtek.ru/img/article/115/11515709/100x100/11515709_0.png;A1768204300 
"Щетка стеклоочистителя бескаркасная 463 820 04 07 MB Original Mercedes-Benz 430/17'' мм/"" 430/17'' мм/"" 2 шт";6 277 ₽;https://img.armtek.ru/img/uploader/assortment/ad6/2d0ef75f40a2a6c33d9a3b60365d3ad6/images/mb_700900001692795145.webp;https://img.armtek.ru/img/article/198/19845836/100x100/19845836_0.png;A4638200407 
Mercedes-Benz,Щётки стеклоочистителя A 205 820 45 03;9 855 ₽;https://img.armtek.ru/img/uploader/assortment/ad6/2d0ef75f40a2a6c33d9a3b60365d3ad6/images/mb_700900001692795145.webp;https://img.armtek.ru/img/article/291/29180899/100x100/29180899_0.png;A2058204503 
"Щетка стеклоочистителя 222 820 13 45 MB 630/25'' мм/"" 630/25'' мм/"" 2 шт";9 077 ₽;https://img.armtek.ru/img/uploader/assortment/ad6/2d0ef75f40a2a6c33d9a3b60365d3ad6/images/mb_700900001692795145.webp;null;A2228201345 
Фильтр воздушный BMW 13 71 7 811 026;5 840 ₽;https://img.armtek.ru/img/uploader/assortment/a4d/416598da3545492107ba9568b313ba4d/images/bmw_056426001692945282.webp;https://img.armtek.ru/img/article/744/7445965/100x100/7445965_0.png;13717811026 
Сменный элемент фильтра ! \BMW X3 E83 LCI;7 246 ₽;https://img.armtek.ru/img/uploader/assortment/a4d/416598da3545492107ba9568b313ba4d/images/bmw_056426001692945282.webp;https://img.armtek.ru/img/article/393/3933904/100x100/3933904_0.png;13713428558 
Фильтр воздушный BMW 13 71 7 850 056;6 781 ₽;https://img.armtek.ru/img/uploader/assortment/a4d/416598da3545492107ba9568b313ba4d/images/bmw_056426001692945282.webp;https://img.armtek.ru/img/article/107/10763177/100x100/10763177_0.png;13717850056 
Фильтр воздушный BMW 13 72 1 730 449;2 832 ₽;https://img.armtek.ru/img/uploader/assortment/a4d/416598da3545492107ba9568b313ba4d/images/bmw_056426001692945282.webp;https://img.armtek.ru/img/article/791/7915985/100x100/7915985_0.png;13721730449 
Фильтр воздушный 394638;1 859 ₽;https://img.armtek.ru/img/uploader/assortment/502/b760ea2eb5e651ea36774ea1e33a8502/images/bez-imeni-1_379625001692952131.webp;null;13721730946 
Фильтр воздушный BMW 13 71 7 850 055;5 552 ₽;https://img.armtek.ru/img/uploader/assortment/a4d/416598da3545492107ba9568b313ba4d/images/bmw_056426001692945282.webp;null;13717850055 
Фильтр воздушный BMW 13 71 7 638 566;3 856 ₽;https://img.armtek.ru/img/uploader/assortment/a4d/416598da3545492107ba9568b313ba4d/images/bmw_056426001692945282.webp;null;13717638566 
Салонный фильтр BMW 64 31 9 237 157;9 901 ₽;https://img.armtek.ru/img/uploader/assortment/a4d/416598da3545492107ba9568b313ba4d/images/bmw_056426001692945282.webp;null;64319237157 
Фильтр воздушный BMW 13 72 7 843 284;4 315 ₽;https://img.armtek.ru/img/uploader/assortment/a4d/416598da3545492107ba9568b313ba4d/images/bmw_056426001692945282.webp;null;13727843284 
Салонный фильтр BMW 64 31 9 395 930 BMW X3 F25, X4 F26;4 135 ₽;https://img.armtek.ru/img/uploader/assortment/a4d/416598da3545492107ba9568b313ba4d/images/bmw_056426001692945282.webp;https://img.armtek.ru/img/article/159/15976468/100x100/15976468_0.png;64319395930 
Салонный фильтр BMW 64 31 9 312 316;10 007 ₽;https://img.armtek.ru/img/uploader/assortment/a4d/416598da3545492107ba9568b313ba4d/images/bmw_056426001692945282.webp;null;64319312316 
Салонный фильтр BMW 64 31 9 312 318;5 920 ₽;https://img.armtek.ru/img/uploader/assortment/a4d/416598da3545492107ba9568b313ba4d/images/bmw_056426001692945282.webp;null;64319312318 
Фильтр воздушный BMW 13 71 7 590 597;1 619 ₽;https://img.armtek.ru/img/uploader/assortment/a4d/416598da3545492107ba9568b313ba4d/images/bmw_056426001692945282.webp;null;13717590597 
Деталь;10 111 ₽;https://img.armtek.ru/img/uploader/assortment/a4d/416598da3545492107ba9568b313ba4d/images/bmw_056426001692945282.webp;null;64115A2AD31 
Салонный фильтр BMW 64 11 9 382 885 BMW G01/G02/G08/G20-22/G28/G29/G80-83/F97/F98 1.6-3.0 17>;6 349 ₽;https://img.armtek.ru/img/uploader/assortment/a4d/416598da3545492107ba9568b313ba4d/images/bmw_056426001692945282.webp;https://img.armtek.ru/img/article/200/20046391/100x100/20046391_0.png;64119382885 
FILTER ASSY, AIR ELEMENT;617 ₽;null;null;13718507320 
Шаровой шарнир Л ! \BMW 1' F20, LCI, F21, 2' F22, F23, F87 M2, 3' F30, F31, F34 GT, F35,;8 660 ₽;https://img.armtek.ru/img/uploader/assortment/a4d/416598da3545492107ba9568b313ba4d/images/bmw_056426001692945282.webp;https://img.armtek.ru/img/article/792/7925549/100x100/7925549_0.png;32106799966 
Фильтр АКПП TOYOTA 35330-60050;5 846 ₽;https://img.armtek.ru/img/uploader/assortment/6df/668f6b6ef51139ed90b7b47f944f66df/images/tayota_124303001692363411.webp;https://img.armtek.ru/img/article/808/8082131/100x100/8082131_0.png;3533060050 
Фильтр масляный MAZDA FZ0121500;2 304 ₽;https://img.armtek.ru/img/uploader/assortment/96d/1a31ca34bc93e38a779146da7192496d/images/bez-imeni-1_459777001692958833.webp;https://img.armtek.ru/img/article/958/9588078/100x100/9588078_0.png;FZ0121500 
ФИЛЬТР АКПП;8 159 ₽;https://img.armtek.ru/img/uploader/assortment/6df/668f6b6ef51139ed90b7b47f944f66df/images/tayota_124303001692363411.webp;https://img.armtek.ru/img/article/110/11060897/100x100/11060897_0.png;353300C010 
Фильтр АКПП TOYOTA 35330-60060;4 550 ₽;https://img.armtek.ru/img/uploader/assortment/6df/668f6b6ef51139ed90b7b47f944f66df/images/tayota_124303001692363411.webp;https://img.armtek.ru/img/article/441/4419637/100x100/4419637_0.png;3533060060 
STRAINER ASSY, OIL;6 245 ₽;https://img.armtek.ru/img/uploader/assortment/6df/668f6b6ef51139ed90b7b47f944f66df/images/tayota_124303001692363411.webp;https://img.armtek.ru/img/article/139/13943211/100x100/13943211_0.png;3533004010 
Не найдено 
Стойка стабилизатора задняя левая (ст. пр/ия: ГЕРМАНИЯ, ст. в/за: ГЕРМАНИЯ);7 097 ₽;https://img.armtek.ru/img/uploader/assortment/ad6/2d0ef75f40a2a6c33d9a3b60365d3ad6/images/mb_700900001692795145.webp;https://img.armtek.ru/img/article/614/6142654/100x100/6142654_0.png;a2223200389 
Стойка стабилизатора задняя правая (ст. пр/ия: ГЕРМАНИЯ, ст. в/за: ГЕРМАНИЯ);4 912 ₽;https://img.armtek.ru/img/uploader/assortment/ad6/2d0ef75f40a2a6c33d9a3b60365d3ad6/images/mb_700900001692795145.webp;https://img.armtek.ru/img/article/614/6142655/100x100/6142655_0.png;A2223200489 
205460040564 ZB VERKLEIDUNG / KABELKA;17 930 ₽;https://img.armtek.ru/img/uploader/assortment/ad6/2d0ef75f40a2a6c33d9a3b60365d3ad6/images/mb_700900001692795145.webp;https://img.armtek.ru/img/article/410/41064329/100x100/41064329_0.png;A205460040564 
ТЯГА РУЛЕВАЯ;20 688 ₽;https://img.armtek.ru/img/uploader/assortment/ad6/2d0ef75f40a2a6c33d9a3b60365d3ad6/images/mb_700900001692795145.webp;https://img.armtek.ru/img/article/115/11515963/100x100/11515963_0.png;A2054600405 
РУЛЕВОЙ НАКОНЕЧНИК ПРАВЫЙ / TIE ROD;19 028 ₽;https://img.armtek.ru/img/uploader/assortment/ad6/2d0ef75f40a2a6c33d9a3b60365d3ad6/images/mb_700900001692795145.webp;https://img.armtek.ru/img/article/115/11516308/100x100/11516308_0.png;A2054600105 
наконечник рул.тяги левой и правой MB;5 385 ₽;https://img.armtek.ru/img/uploader/assortment/ad6/2d0ef75f40a2a6c33d9a3b60365d3ad6/images/mb_700900001692795145.webp;https://img.armtek.ru/img/article/464/464848/100x100/464848_0.png;A2213301503 
Рулевой наконечник FREY A2213303903;4 215 ₽;https://img.armtek.ru/img/uploader/assortment/8dc/bcd72d4ba06e1d62c3fd9d103571f8dc/images/frey_801542001694696770.webp;null;A2213303903 
Рычаг стабилизатора переднего;3 436 ₽;https://img.armtek.ru/img/uploader/assortment/8dc/bcd72d4ba06e1d62c3fd9d103571f8dc/images/frey_801542001694696770.webp;null;A1643202132 
ТЯГА СТАБИЛИЗАТОРА MERCEDES-BENZ 204320178964;4 629 ₽;https://img.armtek.ru/img/uploader/assortment/ad6/2d0ef75f40a2a6c33d9a3b60365d3ad6/images/mb_700900001692795145.webp;https://img.armtek.ru/img/article/186/18628786/100x100/18628786_0.png;A204320178964 
Рычаг стабилизатора переднего;4 215 ₽;https://img.armtek.ru/img/uploader/assortment/8dc/bcd72d4ba06e1d62c3fd9d103571f8dc/images/frey_801542001694696770.webp;null;A2043201789 
СТОЙКА СТАБИЛИЗАТОРА;7 084 ₽;https://img.armtek.ru/img/uploader/assortment/ad6/2d0ef75f40a2a6c33d9a3b60365d3ad6/images/mb_700900001692795145.webp;https://img.armtek.ru/img/article/996/9967346/100x100/9967346_0.png;A2053231017 
СТОЙКА СТАБИЛИЗАТОРА;7 084 ₽;https://img.armtek.ru/img/uploader/assortment/ad6/2d0ef75f40a2a6c33d9a3b60365d3ad6/images/mb_700900001692795145.webp;https://img.armtek.ru/img/article/996/9967345/100x100/9967345_0.png;A2053230917 
Топливный фильтр MB 654 092 00 00 MB W205/W213/C257 OM654/656 17>;10 747 ₽;https://img.armtek.ru/img/uploader/assortment/ad6/2d0ef75f40a2a6c33d9a3b60365d3ad6/images/mb_700900001692795145.webp;https://img.armtek.ru/img/article/128/12829083/100x100/12829083_0.png;A6540920000 
Фильтр масляный BMW 11 42 7 508 969 BMW E46/E87/E90/X3/Z4 1.6-2.0 01>;2 161 ₽;https://img.armtek.ru/img/uploader/assortment/a4d/416598da3545492107ba9568b313ba4d/images/bmw_056426001692945282.webp;https://img.armtek.ru/img/article/320/320769/100x100/320769_0.png;11427508969 
Не найдено 
Фильтр масляный MB 2711800309;3 280 ₽;https://img.armtek.ru/img/uploader/assortment/ad6/2d0ef75f40a2a6c33d9a3b60365d3ad6/images/mb_700900001692795145.webp;null;A2711800309 
Фильтр масляный MB 271 180 01 09 MB W203/T203/C203/W211/T211/C209/R171 1.8i M271 02>;1 412 ₽;https://img.armtek.ru/img/uploader/assortment/ad6/2d0ef75f40a2a6c33d9a3b60365d3ad6/images/mb_700900001692795145.webp;https://img.armtek.ru/img/article/661/6611055/100x100/6611055_0.png;A2711800109 
Фильтр масляный MB 271 180 04 09;3 280 ₽;https://img.armtek.ru/img/uploader/assortment/ad6/2d0ef75f40a2a6c33d9a3b60365d3ad6/images/mb_700900001692795145.webp;https://img.armtek.ru/img/article/410/4109098/100x100/4109098_0.png;A2711800409 
Фильтр масляный MB 254 184 06 00;2 294 ₽;https://img.armtek.ru/img/uploader/assortment/ad6/2d0ef75f40a2a6c33d9a3b60365d3ad6/images/mb_700900001692795145.webp;https://img.armtek.ru/img/article/455/45590032/100x100/45590032_0.png;A2541840600 
Фильтр масляный MB 278 180 00 09 MB W166 3.5 11>;3 443 ₽;https://img.armtek.ru/img/uploader/assortment/ad6/2d0ef75f40a2a6c33d9a3b60365d3ad6/images/mb_700900001692795145.webp;https://img.armtek.ru/img/article/549/5495150/100x100/5495150_0.png;A2781800009 
Oil filter \MB (AMG);null;null;null;A1331840025 
Фильтр масляный MB 176 180 08 00;3 471 ₽;https://img.armtek.ru/img/uploader/assortment/ad6/2d0ef75f40a2a6c33d9a3b60365d3ad6/images/mb_700900001692795145.webp;https://img.armtek.ru/img/article/165/16521426/100x100/16521426_0.png;A1761800800 
Фильтр масляный MB 651 180 03 09;4 435 ₽;https://img.armtek.ru/img/uploader/assortment/ad6/2d0ef75f40a2a6c33d9a3b60365d3ad6/images/mb_700900001692795145.webp;https://img.armtek.ru/img/article/418/4189127/100x100/4189127_0.png;A6511800309 
Фильтр масляный MB 651 180 01 09 MB 204 1.8/2.5 08>/W212 2.0-2.5 09>;2 446 ₽;https://img.armtek.ru/img/uploader/assortment/ad6/2d0ef75f40a2a6c33d9a3b60365d3ad6/images/mb_700900001692795145.webp;https://img.armtek.ru/img/article/418/4189126/100x100/4189126_0.png;A6511800109 
Фильтр масляный BMW 11 42 7 557 012;3 585 ₽;https://img.armtek.ru/img/uploader/assortment/a4d/416598da3545492107ba9568b313ba4d/images/bmw_056426001692945282.webp;https://img.armtek.ru/img/article/156/1568257/100x100/1568257_0.png;11427557012 
Не найдено 
Фильтр масляный BMW 11 42 7 826 799 BMW 340i, 340i xDrive, 740i;2 856 ₽;https://img.armtek.ru/img/uploader/assortment/a4d/416598da3545492107ba9568b313ba4d/images/bmw_056426001692945282.webp;null;11427826799 
Фильтр масляный BMW 11 42 7 512 300 BMW E39/E38/E36/E46/Z3 2.0i-3.0i 95>;1 722 ₽;https://img.armtek.ru/img/uploader/assortment/a4d/416598da3545492107ba9568b313ba4d/images/bmw_056426001692945282.webp;https://img.armtek.ru/img/article/319/319584/100x100/319584_0.png;11427512300 
Фильтр масляный BMW 11 42 8 570 590 BMW 2 F45/F46/F48/F55/F56;2 361 ₽;https://img.armtek.ru/img/uploader/assortment/a4d/416598da3545492107ba9568b313ba4d/images/bmw_056426001692945282.webp;https://img.armtek.ru/img/article/855/8553076/100x100/8553076_0.png;11428570590 
Фильтр масляный MB 200 180 00 09;1 681 ₽;https://img.armtek.ru/img/uploader/assortment/ad6/2d0ef75f40a2a6c33d9a3b60365d3ad6/images/mb_700900001692795145.webp;null;A2001800009 
Фильтр масляный NO BRAND 152095084R;549 ₽;null;null;152095084R 
Фильтр масляный MB 281 180 00 10 Renault Megane 1.2TCe 12>;6 178 ₽;https://img.armtek.ru/img/uploader/assortment/ad6/2d0ef75f40a2a6c33d9a3b60365d3ad6/images/mb_700900001692795145.webp;null;A2811800010 
Фильтр масляный MB 281 180 02 10 MB W177/W247/X118 1.3 18>;2 105 ₽;https://img.armtek.ru/img/uploader/assortment/ad6/2d0ef75f40a2a6c33d9a3b60365d3ad6/images/mb_700900001692795145.webp;null;A2811800210 
фильтр масляный!\ MB W164;2 486 ₽;https://img.armtek.ru/img/uploader/assortment/ad6/2d0ef75f40a2a6c33d9a3b60365d3ad6/images/mb_700900001692795145.webp;null;A642180000990 
Фильтр масляный MB 642 180 00 09 MB W251/S211/Viano/Sprinter 3.0CDi 05>;2 294 ₽;https://img.armtek.ru/img/uploader/assortment/ad6/2d0ef75f40a2a6c33d9a3b60365d3ad6/images/mb_700900001692795145.webp;null;a6421800009 
Фильтр масляный MB 270 180 01 09 MB W176/W246/W212 2.0i 11>;2 050 ₽;https://img.armtek.ru/img/uploader/assortment/ad6/2d0ef75f40a2a6c33d9a3b60365d3ad6/images/mb_700900001692795145.webp;https://img.armtek.ru/img/article/549/5494534/100x100/5494534_0.png;A2701800109 
НАТЯЖИТЕЛЬ ЦЕПИ;null;https://img.armtek.ru/img/uploader/assortment/ad6/2d0ef75f40a2a6c33d9a3b60365d3ad6/images/mb_700900001692795145.webp;https://img.armtek.ru/img/article/549/5495124/100x100/5495124_0.png;A2780502400 
ШКИВ ГУР;9 173 ₽;https://img.armtek.ru/img/uploader/assortment/ad6/2d0ef75f40a2a6c33d9a3b60365d3ad6/images/mb_700900001692795145.webp;https://img.armtek.ru/img/article/549/5495167/100x100/5495167_0.png;A2782020219 
КЛАПАН ЭЛЕКТРОМАГНИТНЫЙ MERCEDES-BENZ A0101531328;7 954 ₽;https://img.armtek.ru/img/uploader/assortment/ad6/2d0ef75f40a2a6c33d9a3b60365d3ad6/images/mb_700900001692795145.webp;https://img.armtek.ru/img/article/609/6096689/100x100/6096689_0.png;A0101531328 
КЛАПАН РЕГУЛИРОВКИ ДАВЛЕНИЯ ТУРБИНЫ MERCEDES-BENZ A0081535428;10 534 ₽;https://img.armtek.ru/img/uploader/assortment/ad6/2d0ef75f40a2a6c33d9a3b60365d3ad6/images/mb_700900001692795145.webp;https://img.armtek.ru/img/article/609/6096306/100x100/6096306_0.png;A0081535428 
Клапан управления турбокомпрессором;11 685 ₽;https://img.armtek.ru/img/uploader/assortment/ad6/2d0ef75f40a2a6c33d9a3b60365d3ad6/images/mb_700900001692795145.webp;null;A0001531800 
Фильтр масляный MB 276180000990;2 721 ₽;https://img.armtek.ru/img/uploader/assortment/ad6/2d0ef75f40a2a6c33d9a3b60365d3ad6/images/mb_700900001692795145.webp;null;A276180000990 
Фильтр масляный MB 276 180 00 09 MB W212 3.5-5.0 11>;2 606 ₽;https://img.armtek.ru/img/uploader/assortment/ad6/2d0ef75f40a2a6c33d9a3b60365d3ad6/images/mb_700900001692795145.webp;https://img.armtek.ru/img/article/450/4504482/100x100/4504482_0.png;A2761800009 
Фильтр масляный MB 611 180 00 09;1 839 ₽;https://img.armtek.ru/img/uploader/assortment/ad6/2d0ef75f40a2a6c33d9a3b60365d3ad6/images/mb_700900001692795145.webp;https://img.armtek.ru/img/article/662/6627657/100x100/6627657_0.png;A6111800009 
51720H5000 Подшипник ступицы передней HYUNDAI SOLARIS (2017>) 'Аналог' cross-reference 51720H5000;1 602 ₽;https://img.armtek.ru/img/uploader/assortment/645/b8835d30b5734cab2ea58c15d9320645/images/novyy-proekt-26_868876001693908629.webp;null;51720H5000 
Насос водяной Hyundai Solaris 2017> 'Аналог' cross-reference 2510003011;1 602 ₽;https://img.armtek.ru/img/uploader/assortment/645/b8835d30b5734cab2ea58c15d9320645/images/novyy-proekt-26_868876001693908629.webp;null;2510003011 
МУФТА ВАЛА КАРДАННОГО;15 498 ₽;https://img.armtek.ru/img/uploader/assortment/ad6/2d0ef75f40a2a6c33d9a3b60365d3ad6/images/mb_700900001692795145.webp;https://img.armtek.ru/img/article/165/16565509/100x100/16565509_0.png;A2054110000 
фильтр масляный!\ BMW E60/E61/E90/E91/X3/X5/Z4 2.0-3.0 05>;3 870 ₽;https://img.armtek.ru/img/uploader/assortment/a4d/416598da3545492107ba9568b313ba4d/images/bmw_056426001692945282.webp;https://img.armtek.ru/img/article/150/15090287/100x100/15090287_0.png;11428683204 
фильтр масляный!\ BMW E60/E61/E90/E91/X3/X5/Z4 2.0-3.0 05>;2 622 ₽;https://img.armtek.ru/img/uploader/assortment/a4d/416598da3545492107ba9568b313ba4d/images/bmw_056426001692945282.webp;https://img.armtek.ru/img/article/744/7445959/100x100/7445959_0.png;11427640862 
Фильтр масляный BMW 11 42 7 953 125 BMW E60/E61/E90/E91/X3;2 642 ₽;https://img.armtek.ru/img/uploader/assortment/a4d/416598da3545492107ba9568b313ba4d/images/bmw_056426001692945282.webp;null;11427953125 
К-Т СМЕННОГО ЭЛЕМЕНТА МАСЛЯНОГО ФИЛЬТРА BMW 11428683196;376 ₽;null;null;11428683196 
Фильтр масляный BMW 11427566327;389 ₽;null;null;11427566327 
Фильтр масляный NO BRAND 11427953129;448 ₽;null;null;11427953129 
Фильтр масляный BMW 11 42 8 575 211 BMW F20 1.6d-1.8d/F10/F30/G11/G30/F15 10>;3 472 ₽;https://img.armtek.ru/img/uploader/assortment/a4d/416598da3545492107ba9568b313ba4d/images/bmw_056426001692945282.webp;null;11428575211 
Фильтр масляный BMW 11 42 7 788 460 BMW E46/E61/E65/E90/X3/X5/X6 2.5D-3.5D 03>;2 510 ₽;https://img.armtek.ru/img/uploader/assortment/a4d/416598da3545492107ba9568b313ba4d/images/bmw_056426001692945282.webp;https://img.armtek.ru/img/article/321/321752/100x100/321752_0.png;11427788460 
Фильтр масляный BMW 11 42 8 583 898 BMW F30/F31/G11/12;4 656 ₽;https://img.armtek.ru/img/uploader/assortment/a4d/416598da3545492107ba9568b313ba4d/images/bmw_056426001692945282.webp;null;11428583898 
Фильтр масляный BMW 11 42 7 854 445 BMW 2' F87 M2, LCI, 3' F80 M3, 4' F82 M4, F83;2 697 ₽;https://img.armtek.ru/img/uploader/assortment/a4d/416598da3545492107ba9568b313ba4d/images/bmw_056426001692945282.webp;null;11427854445 
Подушка крепления двигателя Л ! \BMW;15 657 ₽;https://img.armtek.ru/img/uploader/assortment/a4d/416598da3545492107ba9568b313ba4d/images/bmw_056426001692945282.webp;null;22116860231 
Резиновая подушка Л ! \BMW;15 657 ₽;https://img.armtek.ru/img/uploader/assortment/a4d/416598da3545492107ba9568b313ba4d/images/bmw_056426001692945282.webp;null;22116777375 
Подушка крепления двигателя BMW 22 11 6 859 845;11 906 ₽;https://img.armtek.ru/img/uploader/assortment/a4d/416598da3545492107ba9568b313ba4d/images/bmw_056426001692945282.webp;https://img.armtek.ru/img/article/107/10759245/100x100/10759245_0.png;22116859845 
Подушка крепления двигателя ! \BMW 5' E60 LCI, E61;9 229 ₽;https://img.armtek.ru/img/uploader/assortment/a4d/416598da3545492107ba9568b313ba4d/images/bmw_056426001692945282.webp;null;22116777118 
Катушка зажигания TOYOTA 90919-02276;8 216 ₽;https://img.armtek.ru/img/uploader/assortment/6df/668f6b6ef51139ed90b7b47f944f66df/images/tayota_124303001692363411.webp;https://img.armtek.ru/img/article/234/23440407/100x100/23440407_0.png;9091902276 
Прокладка ГБЦ MOBIS 2231103500;2 209 ₽;https://img.armtek.ru/img/uploader/assortment/948/e81fc05341bb991ea7aeb70543ad6948/images/mobis_879981001692595441.webp;null;2231103500 
ПРОКЛАДКА КЛАПАННОЙ КРЫШКИ HYUNDAI-KIA 2244103050;1 458 ₽;https://img.armtek.ru/img/uploader/assortment/7b3/a88c0cce911d7a7d61e5a52b4361e7b3/images/bez-imeni-1_551161001692959204.webp;null;2244103050 
Gaiter;3 837 ₽;https://img.armtek.ru/img/uploader/assortment/22e/0a18f47d387219336e2ea6ad7070622e/images/porshe_956882001693299661.webp;null;PAB423832 
ШЛАНГ ТОРМОЗНОЙ СИСТЕМЫ;2 562 ₽;https://img.armtek.ru/img/uploader/assortment/948/e81fc05341bb991ea7aeb70543ad6948/images/mobis_879981001692595441.webp;null;58738H0000 
KIA (58738h8000) Тормозной шланг/k hose-rear wheel rh;2 382 ₽;https://img.armtek.ru/img/uploader/assortment/948/e81fc05341bb991ea7aeb70543ad6948/images/mobis_879981001692595441.webp;https://img.armtek.ru/img/article/160/16069108/100x100/16069108_0.png;58738H8000 
ШЛАНГ ТОРМОЗНОЙ СИСТЕМЫ;1 851 ₽;https://img.armtek.ru/img/uploader/assortment/a1d/1021a689d9d09899b2d0414a4cd3da1d/images/18_195010001692963248.webp;null;58731H0000 
R&A Шланг тормозной передний левый HYUNDAI SOLARIS 58731H8000;1 771 ₽;https://img.armtek.ru/img/uploader/assortment/a0b/3ce2c52efde5b475f0f1487a01097a0b/images/image-120-66_693542001690883081.png;null;58731H8000 
ШЛАНГ;3 540 ₽;https://img.armtek.ru/img/uploader/assortment/948/e81fc05341bb991ea7aeb70543ad6948/images/mobis_879981001692595441.webp;null;58732H0000 
R&A Шланг тормозной передний правый HYUNDAI SOLARIS 58732H8000;1 771 ₽;https://img.armtek.ru/img/uploader/assortment/a0b/3ce2c52efde5b475f0f1487a01097a0b/images/image-120-66_693542001690883081.png;null;58732H8000 
ШЛАНГ ТОРМОЗНОЙ СИСТЕМЫ, С ФИТИНГОМ;2 649 ₽;https://img.armtek.ru/img/uploader/assortment/948/e81fc05341bb991ea7aeb70543ad6948/images/mobis_879981001692595441.webp;null;58737H0000  
R&A Шланг тормозной задний левый HYUNDAI SOLARIS 58737H8000;1 840 ₽;https://img.armtek.ru/img/uploader/assortment/a0b/3ce2c52efde5b475f0f1487a01097a0b/images/image-120-66_693542001690883081.png;null;58737H8000 
Подушка двигателя (2f0c262ddc);5 602 ₽;https://img.armtek.ru/img/uploader/assortment/948/e81fc05341bb991ea7aeb70543ad6948/images/mobis_879981001692595441.webp;null;21950H5000 
Hyundai/Kia MOBIS (2432103101) 2432103101 ЦЕПЬ ПРИВОДА ГРМ ШАРНИРНАЯ РОЛИКОВАЯ ИЗ ЧЕРНЫХ МЕТ (ORG);3 901 ₽;https://img.armtek.ru/img/uploader/assortment/948/e81fc05341bb991ea7aeb70543ad6948/images/mobis_879981001692595441.webp;null;2432103101 
A/C Condenser ! \21>23 MB C 300 2.0L L4;95 888 ₽;https://img.armtek.ru/img/uploader/assortment/ad6/2d0ef75f40a2a6c33d9a3b60365d3ad6/images/mb_700900001692795145.webp;https://img.armtek.ru/img/article/410/41064186/100x100/41064186_0.png;A0995004102 
Gaiter;3 837 ₽;https://img.armtek.ru/img/uploader/assortment/22e/0a18f47d387219336e2ea6ad7070622e/images/porshe_956882001693299661.webp;null;PAB423831 
2443103100 HYUNDAI/KIA Успокоитель цепи;1 169 ₽;https://img.armtek.ru/img/uploader/assortment/948/e81fc05341bb991ea7aeb70543ad6948/images/mobis_879981001692595441.webp;https://img.armtek.ru/img/article/160/16059092/100x100/16059092_0.png;2443103100 
Hyundai / KIA (2443203000) Направляющая цепи грм;858 ₽;https://img.armtek.ru/img/uploader/assortment/948/e81fc05341bb991ea7aeb70543ad6948/images/mobis_879981001692595441.webp;https://img.armtek.ru/img/article/162/16263254/100x100/16263254_0.png;2443203000 
ПЫЛЬНИК РУЛЕВОЙ РЕЙКИ - 56528H8000;1 549 ₽;https://img.armtek.ru/img/uploader/assortment/948/e81fc05341bb991ea7aeb70543ad6948/images/mobis_879981001692595441.webp;https://img.armtek.ru/img/article/160/16063351/100x100/16063351_0.png;56528H8000 
Ремень поликлиновой 1700 мм 7 ручьев NISSAN 11720JA10B;2 551 ₽;https://img.armtek.ru/img/uploader/assortment/4b2/442b308201872705b520d20600dda4b2/images/nissan_289965001692950882.webp;https://img.armtek.ru/img/article/707/7075872/100x100/7075872_0.png;11720JA10B 
Не найдено 
Ремень п/к;null;https://img.armtek.ru/img/uploader/assortment/48f/89d8265253340ccaa6f6933cc67b648f/images/dacia_353487001699009622.webp;null;8200833555 
Не найдено 
Ремень поликлиновой 1793 мм 7 ручьев RENAULT 117207944R;6 701 ₽;https://img.armtek.ru/img/uploader/assortment/984/632163ac1c2da3a4550def75cae5c984/images/reno_111742001692594722.webp;null;117207944R  
Ремень поликлиновой 1208 мм 6 ручьев NISSAN 117201VA0A;3 458 ₽;https://img.armtek.ru/img/uploader/assortment/4b2/442b308201872705b520d20600dda4b2/images/nissan_289965001692950882.webp;https://img.armtek.ru/img/article/895/8952370/100x100/8952370_0.png;117201VA0A 
Не найдено 
Ремень поликлиновой 1212 мм 6 ручьев NISSAN 11720EN20B;2 128 ₽;https://img.armtek.ru/img/uploader/assortment/4b2/442b308201872705b520d20600dda4b2/images/nissan_289965001692950882.webp;https://img.armtek.ru/img/article/807/8075036/100x100/8075036_0.png;11720EN20B 
Не найдено 
Не найдено 
Ремень поликлиновой MAZDA PE0815909C;2 558 ₽;https://img.armtek.ru/img/uploader/assortment/96d/1a31ca34bc93e38a779146da7192496d/images/bez-imeni-1_459777001692958833.webp;https://img.armtek.ru/img/article/151/15181527/100x100/15181527_0.png;PE0815909C 
фланец двигателя системы охлаждения!\ BMW E90 05-11;2 203 ₽;https://img.armtek.ru/img/uploader/assortment/a4d/416598da3545492107ba9568b313ba4d/images/bmw_056426001692945282.webp;https://img.armtek.ru/img/article/940/9403069/100x100/9403069_0.png;11127810707 
РЕМЕНЬ ГРМ;7 637 ₽;https://img.armtek.ru/img/uploader/assortment/6df/668f6b6ef51139ed90b7b47f944f66df/images/tayota_124303001692363411.webp;null;1356809130 
Ремень ГРМ 1356839015 TOYOTA;10 666 ₽;https://img.armtek.ru/img/uploader/assortment/6df/668f6b6ef51139ed90b7b47f944f66df/images/tayota_124303001692363411.webp;null;1356839015 
Ремень ГРМ 1356809131 TOYOTA;4 423 ₽;https://img.armtek.ru/img/uploader/assortment/6df/668f6b6ef51139ed90b7b47f944f66df/images/tayota_124303001692363411.webp;null;1356809131 
Ремень ГРМ 1356839016 TOYOTA;8 220 ₽;https://img.armtek.ru/img/uploader/assortment/6df/668f6b6ef51139ed90b7b47f944f66df/images/tayota_124303001692363411.webp;https://img.armtek.ru/img/article/441/4419373/100x100/4419373_0.png;1356839016 
НАТЯЖИТЕЛЬ ЦЕПИ;30 267 ₽;https://img.armtek.ru/img/uploader/assortment/ad6/2d0ef75f40a2a6c33d9a3b60365d3ad6/images/mb_700900001692795145.webp;https://img.armtek.ru/img/article/544/5442950/100x100/5442950_0.png;A2720500711 
НАТЯЖИТЕЛЬ ЦЕПИ;30 267 ₽;https://img.armtek.ru/img/uploader/assortment/ad6/2d0ef75f40a2a6c33d9a3b60365d3ad6/images/mb_700900001692795145.webp;https://img.armtek.ru/img/article/544/5442945/100x100/5442945_0.png;A2720500311 
натяжитель цепи ГРМ!\ MB 203/204 2.5 05>;19 410 ₽;https://img.armtek.ru/img/uploader/assortment/ad6/2d0ef75f40a2a6c33d9a3b60365d3ad6/images/mb_700900001692795145.webp;https://img.armtek.ru/img/article/544/5442948/100x100/5442948_0.png;A2720500811 
Трансмиссионный фильтр;1 343 ₽;null;null;3533033050 
Фильтр АКПП TOYOTA 35330-48020;5 200 ₽;https://img.armtek.ru/img/uploader/assortment/6df/668f6b6ef51139ed90b7b47f944f66df/images/tayota_124303001692363411.webp;https://img.armtek.ru/img/article/808/8082184/100x100/8082184_0.png;3533048020 
ПОДДОН МАСЛЯНЫЙ;null;https://img.armtek.ru/img/uploader/assortment/ad6/2d0ef75f40a2a6c33d9a3b60365d3ad6/images/mb_700900001692795145.webp;null;A6510100528 
ПОДДОН МАСЛЯНЫЙ КАРТЕРА;23 814 ₽;https://img.armtek.ru/img/uploader/assortment/ad6/2d0ef75f40a2a6c33d9a3b60365d3ad6/images/mb_700900001692795145.webp;null;A6510100328 
Датчик износа тормозных накладок Л Пд ! \BMW 1' F20, LCI, F21, 2' F22, F23, F87 M2, 3' F;845 ₽;https://img.armtek.ru/img/uploader/assortment/a4d/416598da3545492107ba9568b313ba4d/images/bmw_056426001692945282.webp;https://img.armtek.ru/img/article/559/5591025/100x100/5591025_0.png;34356792289 
Датчик износа тормозных накладок Зд ! \BMW X3 F25, X4 F26;991 ₽;https://img.armtek.ru/img/uploader/assortment/a4d/416598da3545492107ba9568b313ba4d/images/bmw_056426001692945282.webp;https://img.armtek.ru/img/article/448/4488522/100x100/4488522_0.png;34356790304 
Датчик износа тормозных накладок ! \BMW X5 E70, X6 E71, E72 Hybrid;802 ₽;https://img.armtek.ru/img/uploader/assortment/a4d/416598da3545492107ba9568b313ba4d/images/bmw_056426001692945282.webp;https://img.armtek.ru/img/article/460/4601783/100x100/4601783_0.png;34356789505 
Датчик износа тормозных накладок Зд ! \BMW 5' F10, LCI, F18, 6' F06 Gran Coupe, F12, F13;873 ₽;https://img.armtek.ru/img/uploader/assortment/a4d/416598da3545492107ba9568b313ba4d/images/bmw_056426001692945282.webp;https://img.armtek.ru/img/article/448/4488498/100x100/4488498_0.png;34356791962 
Датчик износа тормозных накладок ! \BMW X1 E84, Zinoro M12;2 089 ₽;https://img.armtek.ru/img/uploader/assortment/a4d/416598da3545492107ba9568b313ba4d/images/bmw_056426001692945282.webp;https://img.armtek.ru/img/article/448/4488512/100x100/4488512_0.png;34356792565 
Датчик тормозных колодок LAND ROVER LR084071 электронный;4 521 ₽;https://img.armtek.ru/img/uploader/assortment/44d/aafdfacf8fe32bcac432db8a0002a44d/images/lendrover_478298001692597380.webp;null;LR084071 
Датчик износа тормозных накладок Л Пд ! \BMW 1' F40, F52, 2' F45 Active Tourer, LCI, F46;1 742 ₽;https://img.armtek.ru/img/uploader/assortment/a4d/416598da3545492107ba9568b313ba4d/images/bmw_056426001692945282.webp;https://img.armtek.ru/img/article/176/17666900/100x100/17666900_0.png;34356888167 
Датчик износа тормозных накладок Зд ! \BMW X3 G01, G08, M F97, X4 G02;1 136 ₽;https://img.armtek.ru/img/uploader/assortment/a4d/416598da3545492107ba9568b313ba4d/images/bmw_056426001692945282.webp;https://img.armtek.ru/img/article/176/17666897/100x100/17666897_0.png;34356870350 
Датчик тормозных колодок BMW 34 35 6 870 351 электронный;2 545 ₽;https://img.armtek.ru/img/uploader/assortment/a4d/416598da3545492107ba9568b313ba4d/images/bmw_056426001692945282.webp;https://img.armtek.ru/img/article/176/17666902/100x100/17666902_0.png;34356870351 
Датчик тормозных колодок BMW 34 35 6 870 354 электронный;3 819 ₽;https://img.armtek.ru/img/uploader/assortment/a4d/416598da3545492107ba9568b313ba4d/images/bmw_056426001692945282.webp;https://img.armtek.ru/img/article/258/25811965/100x100/25811965_0.png;34356870354 
Датчик тормозных колодок BMW 34 35 6 890 788 электронный;4 147 ₽;https://img.armtek.ru/img/uploader/assortment/a4d/416598da3545492107ba9568b313ba4d/images/bmw_056426001692945282.webp;https://img.armtek.ru/img/article/175/17506211/100x100/17506211_0.png;34356890788 
Датчик износа тормозных колодок перед 6 7172 09;1 718 ₽;https://img.armtek.ru/img/uploader/assortment/502/b760ea2eb5e651ea36774ea1e33a8502/images/bez-imeni-1_379625001692952131.webp;null;34356792568 
Датчик износа тормозных накладок Л Пд ! \BMW i8 I12, LCI, I15;null;https://img.armtek.ru/img/uploader/assortment/a4d/416598da3545492107ba9568b313ba4d/images/bmw_056426001692945282.webp;https://img.armtek.ru/img/article/159/15975333/100x100/15975333_0.png;34356873864 
датчик износа тормозных накладок ! \BMW;5 482 ₽;https://img.armtek.ru/img/uploader/assortment/a4d/416598da3545492107ba9568b313ba4d/images/bmw_056426001692945282.webp;null;34358074297 
Датчик тормозных колодок BMW 34 35 6 870 353 электронный;3 878 ₽;https://img.armtek.ru/img/uploader/assortment/a4d/416598da3545492107ba9568b313ba4d/images/bmw_056426001692945282.webp;https://img.armtek.ru/img/article/258/25811969/100x100/25811969_0.png;34356870353 
Датчик износа тормозных накладок Л Пд ! \BMW X3 F25, X4 F26;1 526 ₽;https://img.armtek.ru/img/uploader/assortment/a4d/416598da3545492107ba9568b313ba4d/images/bmw_056426001692945282.webp;https://img.armtek.ru/img/article/460/4601802/100x100/4601802_0.png;34356790303 
34356880543 Датчик износа тормозных накладок Зд ! \BMW X4 G02, M F98;4 219 ₽;https://img.armtek.ru/img/uploader/assortment/a4d/416598da3545492107ba9568b313ba4d/images/bmw_056426001692945282.webp;https://img.armtek.ru/img/article/228/22840124/100x100/22840124_0.png;34356880543 
Датчик износа тормозных накладок Пд ! \BMW 5' G30, G31, G38, 6' G32 GT, 7' G11, G12;4 282 ₽;https://img.armtek.ru/img/uploader/assortment/a4d/416598da3545492107ba9568b313ba4d/images/bmw_056426001692945282.webp;https://img.armtek.ru/img/article/112/11293557/100x100/11293557_0.png;34356861807 
Датчик тормозных колодок BMW 34 35 6 861 808 электронный;4 282 ₽;https://img.armtek.ru/img/uploader/assortment/a4d/416598da3545492107ba9568b313ba4d/images/bmw_056426001692945282.webp;https://img.armtek.ru/img/article/112/11293558/100x100/11293558_0.png;34356861808 
Датчик износа тормозных накладок Пд ! \BMW 3' G20, G21, G28;2 317 ₽;https://img.armtek.ru/img/uploader/assortment/a4d/416598da3545492107ba9568b313ba4d/images/bmw_056426001692945282.webp;https://img.armtek.ru/img/article/258/25811964/100x100/25811964_0.png;34356870349 
датчик износа колодок! передний\ BMW X5/X6/X7 18>;3 178 ₽;https://img.armtek.ru/img/uploader/assortment/a4d/416598da3545492107ba9568b313ba4d/images/bmw_056426001692945282.webp;https://img.armtek.ru/img/article/258/25811968/100x100/25811968_0.png;34356870352 
датчик износа торм. колодок внутр.!\ MB W163 all 98-05;570 ₽;https://img.armtek.ru/img/uploader/assortment/ad6/2d0ef75f40a2a6c33d9a3b60365d3ad6/images/mb_700900001692795145.webp;https://img.armtek.ru/img/article/463/463963/100x100/463963_0.png;A2025400717 
Датчик тормозных колодок BMW 34 35 6 890 791 электронный;3 985 ₽;https://img.armtek.ru/img/uploader/assortment/a4d/416598da3545492107ba9568b313ba4d/images/bmw_056426001692945282.webp;https://img.armtek.ru/img/article/173/17381481/100x100/17381481_0.png;34356890791 
Датчик тормозных колодок PORSCHE 95861236500 электронный;2 249 ₽;https://img.armtek.ru/img/uploader/assortment/22e/0a18f47d387219336e2ea6ad7070622e/images/porshe_956882001693299661.webp;null;95861236500 
Колодки тормозные задние HYUNDAI SOLARIS NEW (2017 - ) барабанные комплект 'Аналог' cross;874 ₽;https://img.armtek.ru/img/uploader/assortment/645/b8835d30b5734cab2ea58c15d9320645/images/novyy-proekt-26_868876001693908629.webp;null;58350H5A20 
прокладка поддона АКПП!\ Mitsubishi Lancer/Outlander 06>;1 260 ₽;https://img.armtek.ru/img/uploader/assortment/987/3d88d9bfbf9dd6234b5940e12fd66987/images/mitsubishi1111111_398845001694612282.webp;https://img.armtek.ru/img/article/806/8068556/100x100/8068556_0.png;2705A015 
прокладка картера АКПП!\ Nissan;2 640 ₽;https://img.armtek.ru/img/uploader/assortment/4b2/442b308201872705b520d20600dda4b2/images/nissan_289965001692950882.webp;https://img.armtek.ru/img/article/890/8906016/100x100/8906016_0.png;313971XFOD 
Фильтр АКПП TOYOTA 35168-34020;2 498 ₽;https://img.armtek.ru/img/uploader/assortment/6df/668f6b6ef51139ed90b7b47f944f66df/images/tayota_124303001692363411.webp;https://img.armtek.ru/img/article/808/8082678/100x100/8082678_0.png;3516834020 
прокладка поддона АКПП!\ Toyota Lexus RX 09>;1 160 ₽;https://img.armtek.ru/img/uploader/assortment/6df/668f6b6ef51139ed90b7b47f944f66df/images/tayota_124303001692363411.webp;https://img.armtek.ru/img/article/809/8096549/100x100/8096549_0.png;3516873010 
Р С С С Р Р С Р Р РёР С Р С Р /С Р С С;1 147 ₽;https://img.armtek.ru/img/uploader/assortment/b09/0b0a0ecee85e9202b218ff8ac1bd2b09/images/techas_378677001695968762.webp;null;17137516004 
Крышка радиатора BMW 17 11 7 639 021;2 468 ₽;https://img.armtek.ru/img/uploader/assortment/a4d/416598da3545492107ba9568b313ba4d/images/bmw_056426001692945282.webp;https://img.armtek.ru/img/article/806/8061486/100x100/8061486_0.png;17117639021 
Сальник коленвала задний 2144303011;683 ₽;null;null;2144303011 
Клапан выпускной Hyundai Solaris 2017> 'Аналог' cross-reference 2221203000;368 ₽;https://img.armtek.ru/img/uploader/assortment/645/b8835d30b5734cab2ea58c15d9320645/images/novyy-proekt-26_868876001693908629.webp;null;2221203000 
Клапан впускной Hyundai Solaris 2017> 'Аналог' cross-reference 2221103000;186 ₽;https://img.armtek.ru/img/uploader/assortment/645/b8835d30b5734cab2ea58c15d9320645/images/novyy-proekt-26_868876001693908629.webp;null;2221103000 
УПЛОТНИТЕЛЬНОЕ КОЛЬЦО;669 ₽;https://img.armtek.ru/img/uploader/assortment/948/e81fc05341bb991ea7aeb70543ad6948/images/mobis_879981001692595441.webp;https://img.armtek.ru/img/article/160/16067165/100x100/16067165_0.png;2142103002 
ТОЛКАТЕЛЬ КЛАПАНА ДВИГАТЕЛЯ;808 ₽;https://img.armtek.ru/img/uploader/assortment/7b3/a88c0cce911d7a7d61e5a52b4361e7b3/images/bez-imeni-1_551161001692959204.webp;https://img.armtek.ru/img/article/125/12566622/100x100/12566622_0.png;2461003000 
Топливный фильтр TOYOTA 7702442110 Toyota RAV4 2.4 2AZ-FE ACA3;9 975 ₽;https://img.armtek.ru/img/uploader/assortment/6df/668f6b6ef51139ed90b7b47f944f66df/images/tayota_124303001692363411.webp;https://img.armtek.ru/img/article/935/9357199/100x100/9357199_0.png;7702442110 
Фильтр салона RRS 13- RR 13 (бумага), шт;584 ₽;https://img.armtek.ru/img/uploader/assortment/504/1eca1888b5c0103f77fe462d658f5504/images/ntr_179395001695305942.webp;null;LR036369 
ФИЛЬТР ВОЗДУШНЫЙ 5,0/4,4D/3.0;1 806 ₽;https://img.armtek.ru/img/uploader/assortment/76a/c3a30299a105ed1352903b148c9ba76a/images/bez_nazvaniya-removebg-preview__2_-removebg-preview_775513001691660685.png;null;LR161843 
Салонный фильтр PORSCHE 95857221901 Porsche Cayenne 02-17;4 179 ₽;https://img.armtek.ru/img/uploader/assortment/22e/0a18f47d387219336e2ea6ad7070622e/images/porshe_956882001693299661.webp;null;95857221901 
Салонный фильтр PORSCHE 95857221900 Porsche Cayenne 11-17;5 217 ₽;https://img.armtek.ru/img/uploader/assortment/22e/0a18f47d387219336e2ea6ad7070622e/images/porshe_956882001693299661.webp;https://img.armtek.ru/img/article/547/5470128/100x100/5470128_0.png;95857221900 
Фильтр воздушный LR005816 Тайвань;1 012 ₽;null;null;LR005816 
Фильтр воздушный VAG 7P0129620A;3 453 ₽;null;https://img.armtek.ru/img/article/410/4109116/100x100/4109116_0.png;7P0129620A 
Фильтр воздушный PORSCHE 95811013010;3 629 ₽;https://img.armtek.ru/img/uploader/assortment/22e/0a18f47d387219336e2ea6ad7070622e/images/porshe_956882001693299661.webp;null;95811013010 
Фильтр воздушный NO BRAND 31370089;1 307 ₽;null;null;31370089 
Салонный фильтр VAG 971819429B;11 975 ₽;null;https://img.armtek.ru/img/article/423/42398418/100x100/42398418_0.png;971819429B 
Салонный фильтр PORSCHE 971819429;12 980 ₽;https://img.armtek.ru/img/uploader/assortment/22e/0a18f47d387219336e2ea6ad7070622e/images/porshe_956882001693299661.webp;https://img.armtek.ru/img/article/155/15536043/100x100/15536043_0.png;971819429 
Фильтр воздушный MOBIS S28113-H8100;1 350 ₽;https://img.armtek.ru/img/uploader/assortment/948/e81fc05341bb991ea7aeb70543ad6948/images/mobis_879981001692595441.webp;null;S28113H8100 
Фильтр воздушный HYUNDAI 28113H8100;1 322 ₽;https://img.armtek.ru/img/uploader/assortment/a1d/1021a689d9d09899b2d0414a4cd3da1d/images/18_195010001692963248.webp;https://img.armtek.ru/img/article/149/14992005/100x100/14992005_0.png;28113H8100 
Фильтр воздушный NO BRAND PAH9133A0A;1 046 ₽;null;null;PAH9133A0A 
Фильтр воздушный PORSCHE 971129620A;null;https://img.armtek.ru/img/uploader/assortment/22e/0a18f47d387219336e2ea6ad7070622e/images/porshe_956882001693299661.webp;null;971129620A 
Элемент сменный воздушного фильтра;null;https://img.armtek.ru/img/uploader/assortment/22e/0a18f47d387219336e2ea6ad7070622e/images/porshe_956882001693299661.webp;null;971129620 
Фильтр воздушный PORSCHE 971129620B;13 973 ₽;https://img.armtek.ru/img/uploader/assortment/22e/0a18f47d387219336e2ea6ad7070622e/images/porshe_956882001693299661.webp;null;971129620B 
Фильтр воздушный PORSCHE 97011022001;4 833 ₽;https://img.armtek.ru/img/uploader/assortment/22e/0a18f47d387219336e2ea6ad7070622e/images/porshe_956882001693299661.webp;null;97011022001 
Стойка крепления штанги стабилизатора ! \BMW 5' G30, G31, 6' G32 GT, 7' G11, LCI, G12, 8;4 928 ₽;https://img.armtek.ru/img/uploader/assortment/a4d/416598da3545492107ba9568b313ba4d/images/bmw_056426001692945282.webp;https://img.armtek.ru/img/article/112/11290785/100x100/11290785_0.png;31306861485 
Стойка крепления Л Пд ! \BMW X5 G05, X6 G06, X7 G07;5 894 ₽;https://img.armtek.ru/img/uploader/assortment/a4d/416598da3545492107ba9568b313ba4d/images/bmw_056426001692945282.webp;https://img.armtek.ru/img/article/258/25881975/100x100/25881975_0.png;31356881807 
Стойка крепления П Пд ! \BMW X5 G05, X6 G06, X7 G07;5 894 ₽;https://img.armtek.ru/img/uploader/assortment/a4d/416598da3545492107ba9568b313ba4d/images/bmw_056426001692945282.webp;https://img.armtek.ru/img/article/258/25881976/100x100/25881976_0.png;31356881808 
Салонный фильтр NO BRAND 301001199AA;333 ₽;null;null;301001199AA 
PAB615121 Провод датчика-сигнализатора;3 150 ₽;https://img.armtek.ru/img/uploader/assortment/22e/0a18f47d387219336e2ea6ad7070622e/images/porshe_956882001693299661.webp;null;PAB615121 
(8 гр.), (AUDI), Датчик износа;4 688 ₽;null;https://img.armtek.ru/img/article/128/12818305/100x100/12818305_0.png;8W0615121H 
Кабель;7 457 ₽;null;null;4M0615121T 
КАБЕЛЬ ПРЕДУПР. СИГНАЛИЗАТОРА (УКАЗАТ.ИЗ;7 457 ₽;null;null;4M0615121Q 
КАБЕЛЬ ПРЕДУПР. СИГН;5 900 ₽;null;https://img.armtek.ru/img/article/146/14652073/100x100/14652073_0.png;4M0615121S 
КАБЕЛЬ ПРЕДУПР. СИГНАЛИЗАТОРА (УКАЗАТ.ИЗ;2 038 ₽;null;https://img.armtek.ru/img/article/107/10762180/100x100/10762180_0.png;4M0615121R 
Датчик износа колодок;4 887 ₽;null;https://img.armtek.ru/img/article/164/16428566/100x100/16428566_0.png;4M0615121AC 
Фильтр масляный NO BRAND 11428593186;563 ₽;null;null;11428593186 
Фильтр масляный BMW 11 42 7 808 443 BMW E90/E91/E92/F01/F02 08>;2 754 ₽;https://img.armtek.ru/img/uploader/assortment/a4d/416598da3545492107ba9568b313ba4d/images/bmw_056426001692945282.webp;https://img.armtek.ru/img/article/751/751970/100x100/751970_0.png;11427808443 
Фильтр масляный BMW 11 42 8 507 683 BMW F10 2.0 10>;2 878 ₽;https://img.armtek.ru/img/uploader/assortment/a4d/416598da3545492107ba9568b313ba4d/images/bmw_056426001692945282.webp;https://img.armtek.ru/img/article/384/3845660/100x100/3845660_0.png;11428507683 
Фильтр масляный BMW 11 42 7 600 089 BMW;3 925 ₽;https://img.armtek.ru/img/uploader/assortment/a4d/416598da3545492107ba9568b313ba4d/images/bmw_056426001692945282.webp;https://img.armtek.ru/img/article/107/10771404/100x100/10771404_0.png;11427600089 
Фильтр масляный BMW 11 42 5 A33 C43 BMW;4 969 ₽;https://img.armtek.ru/img/uploader/assortment/a4d/416598da3545492107ba9568b313ba4d/images/bmw_056426001692945282.webp;null;11425A33C43 
Фильтр масляный BMW 11 42 7 848 321 BMW F01/F02/F04/X5/X6 4.5 10>;3 636 ₽;https://img.armtek.ru/img/uploader/assortment/a4d/416598da3545492107ba9568b313ba4d/images/bmw_056426001692945282.webp;https://img.armtek.ru/img/article/793/7933012/100x100/7933012_0.png;11427848321 
Фильтр масляный HOT-PARTS 11427521008;635 ₽;https://img.armtek.ru/img/uploader/assortment/e08/aa495991c05631e5718ef743176bbe08/images/hot-parts_889177001693579155.webp;null;11427521008 
Фильтр масляный BMW 11 42 7 527 957;null;https://img.armtek.ru/img/uploader/assortment/a4d/416598da3545492107ba9568b313ba4d/images/bmw_056426001692945282.webp;null;11427527957 
Фильтр масляный BMW 11 42 7 542 021 BMW E60/E63/E64/E65/E66/X5 4.0-6.0 03>;2 400 ₽;https://img.armtek.ru/img/uploader/assortment/a4d/416598da3545492107ba9568b313ba4d/images/bmw_056426001692945282.webp;null;11427542021 
наконечник рул.тяги правой VW;6 121 ₽;https://img.armtek.ru/img/uploader/assortment/6df/668f6b6ef51139ed90b7b47f944f66df/images/tayota_124303001692363411.webp;https://img.armtek.ru/img/article/743/7430626/100x100/7430626_0.png;90369-45004 
ПОДШИПНИК ПЕР. СТУП.;7 561 ₽;https://img.armtek.ru/img/uploader/assortment/6df/668f6b6ef51139ed90b7b47f944f66df/images/tayota_124303001692363411.webp;https://img.armtek.ru/img/article/743/7430624/100x100/7430624_0.png;90080-36193 
р\к подшипника ступицы колеса\Toyota AVENSIS (T25) 2005 - 2008;8 307 ₽;https://img.armtek.ru/img/uploader/assortment/6df/668f6b6ef51139ed90b7b47f944f66df/images/tayota_124303001692363411.webp;https://img.armtek.ru/img/article/743/7430625/100x100/7430625_0.png;90363-A0001 
ПОДШИПНИК ПЕРЕДНЕЙ СТУПИЦЫ 9036945005 (TOYOTA);5 419 ₽;https://img.armtek.ru/img/uploader/assortment/6df/668f6b6ef51139ed90b7b47f944f66df/images/tayota_124303001692363411.webp;https://img.armtek.ru/img/article/706/7069440/100x100/7069440_0.png;90369-45005 
Свеча зажигания High Power !BOSCH ZGR6STE2 \BMW 1' E82, E88, 3' E90, LCI, E91, E92, E93, 5' E60, E61;3 713 ₽;https://img.armtek.ru/img/uploader/assortment/a4d/416598da3545492107ba9568b313ba4d/images/bmw_056426001692945282.webp;https://img.armtek.ru/img/article/201/2017284/100x100/2017284_0.png;12120034087 
Свеча зажигания High Power !NGK ZKBR7AP-HTU \BMW 1' E81, E82, E87 LCI, E88, 3' E90, E91, E92, E93, 5;3 321 ₽;https://img.armtek.ru/img/uploader/assortment/a4d/416598da3545492107ba9568b313ba4d/images/bmw_056426001692945282.webp;https://img.armtek.ru/img/article/459/4599232/100x100/4599232_0.png;12120034091 
свеча зажигания!\ BMW E60/E87/E90/F10 2.0-5.0i 06>;1 713 ₽;https://img.armtek.ru/img/uploader/assortment/a4d/416598da3545492107ba9568b313ba4d/images/bmw_056426001692945282.webp;https://img.armtek.ru/img/article/399/3993158/100x100/3993158_0.png;12120038349 
Свеча зажигания BMW 12 12 0 037 244 BMW E82/90/91/92/93 3.2 00>/E86 3.0 06>;2 250 ₽;https://img.armtek.ru/img/uploader/assortment/a4d/416598da3545492107ba9568b313ba4d/images/bmw_056426001692945282.webp;null;12120037244 
Свеча зажигания High Power ! \BMW 1' F20 LCI, F21, 2' F22, F23, F45 Active Tourer, F46 G;5 034 ₽;https://img.armtek.ru/img/uploader/assortment/a4d/416598da3545492107ba9568b313ba4d/images/bmw_056426001692945282.webp;https://img.armtek.ru/img/article/906/9068177/100x100/9068177_0.png;12120041666 
Свеча зажигания BMW 12 12 0 040 551 BMW F20/F30/F45 1.6-4.0 12>;2 772 ₽;https://img.armtek.ru/img/uploader/assortment/a4d/416598da3545492107ba9568b313ba4d/images/bmw_056426001692945282.webp;null;12120040551 
Свеча зажигания High Power !E100 \BMW 1' F40, X2 F39;2 947 ₽;https://img.armtek.ru/img/uploader/assortment/a4d/416598da3545492107ba9568b313ba4d/images/bmw_056426001692945282.webp;https://img.armtek.ru/img/article/208/20890950/100x100/20890950_0.png;12120055028 
set spark plugs ! \BMW;null;https://img.armtek.ru/img/uploader/assortment/a4d/416598da3545492107ba9568b313ba4d/images/bmw_056426001692945282.webp;null;12120040552 
Свеча зажигания High Power !BOSCHZR5TPP3320 \BMW 5' F07 GT, LCI, F90 M5, 7' F01, F02, F0;2 957 ₽;https://img.armtek.ru/img/uploader/assortment/a4d/416598da3545492107ba9568b313ba4d/images/bmw_056426001692945282.webp;https://img.armtek.ru/img/article/208/20890951/100x100/20890951_0.png;12120054451 
Свеча зажигания High Power !DENSO \BMW 5' F90 M5, G30, 7' G11 LCI, G12, 8' F91 M8, F92,;2 847 ₽;https://img.armtek.ru/img/uploader/assortment/a4d/416598da3545492107ba9568b313ba4d/images/bmw_056426001692945282.webp;https://img.armtek.ru/img/article/258/25878901/100x100/25878901_0.png;12120057704 
Свеча зажигания BMW 12 12 2 455 258 BMW F40;2 454 ₽;https://img.armtek.ru/img/uploader/assortment/a4d/416598da3545492107ba9568b313ba4d/images/bmw_056426001692945282.webp;https://img.armtek.ru/img/article/208/20890952/100x100/20890952_0.png;12122455258 
Свеча зажигания High Power !NGK SILZKBR8B8S \BMW 1' F20, LCI, F21, 2' F22, F23, 3' F30,;1 811 ₽;https://img.armtek.ru/img/uploader/assortment/a4d/416598da3545492107ba9568b313ba4d/images/bmw_056426001692945282.webp;https://img.armtek.ru/img/article/172/17201553/100x100/17201553_0.png;12120038704 
Свеча зажигания BMW 12 12 0 040 573 BMW 1' F20, LCI, F21, 2' F22, F23, 3' F30;3 458 ₽;https://img.armtek.ru/img/uploader/assortment/a4d/416598da3545492107ba9568b313ba4d/images/bmw_056426001692945282.webp;null;12120040573 
Свеча зажигания High Power !NGK SILZKBR8C8S \BMW 1' F20, LCI, F21, 2' F22, F23, 3' F30,;2 916 ₽;https://img.armtek.ru/img/uploader/assortment/a4d/416598da3545492107ba9568b313ba4d/images/bmw_056426001692945282.webp;https://img.armtek.ru/img/article/934/9341569/100x100/9341569_0.png;12120038896 
Свеча зажигания BMW 12 12 0 039 664 BMW F10/F12/F13/F15/F16/F20/F21/F22/F25/F26/F36/E84/E89 11>;2 631 ₽;https://img.armtek.ru/img/uploader/assortment/a4d/416598da3545492107ba9568b313ba4d/images/bmw_056426001692945282.webp;null;12120039664 
Свеча зажигания BMW 12 12 0 037 663 BMW E83/E70;1 998 ₽;https://img.armtek.ru/img/uploader/assortment/a4d/416598da3545492107ba9568b313ba4d/images/bmw_056426001692945282.webp;null;12120037663 
Свеча зажигания High Power !NGK IZFR6H11 \BMW;3 318 ₽;https://img.armtek.ru/img/uploader/assortment/a4d/416598da3545492107ba9568b313ba4d/images/bmw_056426001692945282.webp;null;12120032134 
Свеча зажигания High Power !BOSCH FR7KPP332 \BMW;3 318 ₽;https://img.armtek.ru/img/uploader/assortment/a4d/416598da3545492107ba9568b313ba4d/images/bmw_056426001692945282.webp;null;12120032135 
Свеча зажигания BMW 12 12 2 158 252 BMW E81/E82/E87/E88/E84/E83/N46;2 148 ₽;https://img.armtek.ru/img/uploader/assortment/a4d/416598da3545492107ba9568b313ba4d/images/bmw_056426001692945282.webp;null;12122158252 
ролик натяжной ремня ГРМ!\ Lexus GS 4.0/4.3 97>/LS 4.0/4.3 97>/SC 4.3 01>;6 331 ₽;https://img.armtek.ru/img/uploader/assortment/6df/668f6b6ef51139ed90b7b47f944f66df/images/tayota_124303001692363411.webp;https://img.armtek.ru/img/article/989/989381/100x100/989381_0.png;1350550030 
Свеча зажигания PORSCHE 9A790560150 Porsche Cayenne 17>;5 197 ₽;https://img.armtek.ru/img/uploader/assortment/22e/0a18f47d387219336e2ea6ad7070622e/images/porshe_956882001693299661.webp;null;9A790560150 
Свеча зажигания TOYOTA 90919-01247 Toyota Avensis/Camry/Corolla 1.8-2.4 00>;1 883 ₽;https://img.armtek.ru/img/uploader/assortment/6df/668f6b6ef51139ed90b7b47f944f66df/images/tayota_124303001692363411.webp;https://img.armtek.ru/img/article/201/2018303/100x100/2018303_0.png;9091901247 
Свеча зажигания TOYOTA 9091901276 Lexus NX;3 700 ₽;https://img.armtek.ru/img/uploader/assortment/6df/668f6b6ef51139ed90b7b47f944f66df/images/tayota_124303001692363411.webp;https://img.armtek.ru/img/article/946/9460115/100x100/9460115_0.png;9091901276 
Свеча зажигания;2 997 ₽;https://img.armtek.ru/img/uploader/assortment/6df/668f6b6ef51139ed90b7b47f944f66df/images/tayota_124303001692363411.webp;https://img.armtek.ru/img/article/747/7470445/100x100/7470445_0.png;90919A1002 
Свеча зажигания TOYOTA 90919-01191 Lexus IS/GS/LX, Toyota Land Cruiser Prado 2.5-5.7i 03>;1 490 ₽;https://img.armtek.ru/img/uploader/assortment/6df/668f6b6ef51139ed90b7b47f944f66df/images/tayota_124303001692363411.webp;https://img.armtek.ru/img/article/187/1875524/100x100/1875524_0.png;9091901191 
СВЕЧА ЗАЖИГАНИЯ CX-5;4 727 ₽;https://img.armtek.ru/img/uploader/assortment/96d/1a31ca34bc93e38a779146da7192496d/images/bez-imeni-1_459777001692958833.webp;null;PE0218110 
СВЕЧА ЗАЖИГАНИЯ M2'14/2017 P5 ENG.;4 725 ₽;https://img.armtek.ru/img/uploader/assortment/96d/1a31ca34bc93e38a779146da7192496d/images/bez-imeni-1_459777001692958833.webp;https://img.armtek.ru/img/article/111/11113827/100x100/11113827_0.png;P51R18110 
СВЕЧА ЗАЖИГАНИЯ;2 513 ₽;https://img.armtek.ru/img/uploader/assortment/96d/1a31ca34bc93e38a779146da7192496d/images/bez-imeni-1_459777001692958833.webp;https://img.armtek.ru/img/article/508/50880861/100x100/50880861_0.png;PE5R18110A 
свеча зажигания!\ Mazda 2/3/6/CX5 1.5-2.5i 12>;3 160 ₽;https://img.armtek.ru/img/uploader/assortment/96d/1a31ca34bc93e38a779146da7192496d/images/bez-imeni-1_459777001692958833.webp;null;PE5R18110 
свеча зажигания!\ Audi A8 18>;3 953 ₽;null;https://img.armtek.ru/img/article/175/17533758/100x100/17533758_0.png;06M905606F 
Свеча зажигания 04E905612C VAG;452 ₽;null;null;04E905612 
СВЕЧА ЗАЖИГАНИЯ;2 040 ₽;https://img.armtek.ru/img/uploader/assortment/ad6/2d0ef75f40a2a6c33d9a3b60365d3ad6/images/mb_700900001692795145.webp;null;A0041597603 
Свеча зажигания MB 004 159 68 03 MB W204/W205/X156 GLA 1.6-2.0 11>;4 421 ₽;https://img.armtek.ru/img/uploader/assortment/ad6/2d0ef75f40a2a6c33d9a3b60365d3ad6/images/mb_700900001692795145.webp;https://img.armtek.ru/img/article/547/5477167/100x100/5477167_0.png;A0041596803 
Свеча зажигания MB 004 159 75 03;2 634 ₽;https://img.armtek.ru/img/uploader/assortment/ad6/2d0ef75f40a2a6c33d9a3b60365d3ad6/images/mb_700900001692795145.webp;https://img.armtek.ru/img/article/941/9414474/100x100/9414474_0.png;A0041597503 
ZUENDKERZE;4 518 ₽;https://img.armtek.ru/img/uploader/assortment/ad6/2d0ef75f40a2a6c33d9a3b60365d3ad6/images/mb_700900001692795145.webp;https://img.armtek.ru/img/article/290/29054922/100x100/29054922_0.png;A0041598203 
Свеча зажигания MB 000 159 05 00 MB W463/W204/W212/W246/W166/W222;1 999 ₽;https://img.armtek.ru/img/uploader/assortment/ad6/2d0ef75f40a2a6c33d9a3b60365d3ad6/images/mb_700900001692795145.webp;https://img.armtek.ru/img/article/197/19743363/100x100/19743363_0.png;A0001590500 
2241003100 КЛАПАННАЯ КРЫШКА ГОЛОВКИ БЛОКА ЦИЛИНДРОВ;7 328 ₽;https://img.armtek.ru/img/uploader/assortment/948/e81fc05341bb991ea7aeb70543ad6948/images/mobis_879981001692595441.webp;null;2241003100 
ФИЛЬТР. ЭЛЕМЕНТ ВОЗД. ФИЛЬТРА;8 610 ₽;https://img.armtek.ru/img/uploader/assortment/22e/0a18f47d387219336e2ea6ad7070622e/images/porshe_956882001693299661.webp;null;PAB133843A 
Фильтр воздушный VAG 4M0133843G;8 813 ₽;null;https://img.armtek.ru/img/article/336/33619315/100x100/33619315_0.png;4M0133843G 
Фильтр воздушный VAG 4M0133843E;11 248 ₽;null;https://img.armtek.ru/img/article/195/19594342/100x100/19594342_0.png;4M0133843E 
Фильтр воздушный PORSCHE 95813384300;12 100 ₽;https://img.armtek.ru/img/uploader/assortment/22e/0a18f47d387219336e2ea6ad7070622e/images/porshe_956882001693299661.webp;null;95813384300 
Фильтр воздушный MB 177 094 00 00 64;7 561 ₽;https://img.armtek.ru/img/uploader/assortment/ad6/2d0ef75f40a2a6c33d9a3b60365d3ad6/images/mb_700900001692795145.webp;https://img.armtek.ru/img/article/399/39961878/100x100/39961878_0.png;A177094000064 
Фильтр воздушный MB 177 094 00 00;9 594 ₽;https://img.armtek.ru/img/uploader/assortment/ad6/2d0ef75f40a2a6c33d9a3b60365d3ad6/images/mb_700900001692795145.webp;https://img.armtek.ru/img/article/162/16218309/100x100/16218309_0.png;A1770940000 
Воздушный фильтр \05>10 MB C CLASS (W204), T-Model (S204), C-CLASS (W203), (S203), CLK (C209), CLS (;12 055 ₽;https://img.armtek.ru/img/uploader/assortment/386/ec8945da90852ca5ad9013380c9bc386/images/mann-filter_542794001692794382.webp;null;A6420942204 
Фильтр воздушный MB 642 094 30 04;3 501 ₽;https://img.armtek.ru/img/uploader/assortment/ad6/2d0ef75f40a2a6c33d9a3b60365d3ad6/images/mb_700900001692795145.webp;https://img.armtek.ru/img/article/979/9792440/100x100/9792440_0.png;A6420943004 
Фильтр воздушный HONDA 17220RZAY00;1 471 ₽;https://img.armtek.ru/img/uploader/assortment/c4b/19a4449c8dba6e51d37fd4773c2ebc4b/images/21_120551001693048382.webp;https://img.armtek.ru/img/article/433/4334917/100x100/4334917_0.png;17220RZAY00 
Фильтр воздушный HONDA;679 ₽;null;null;17220R6AJ00 
Салонный фильтр MB 223 835 24 00;15 203 ₽;https://img.armtek.ru/img/uploader/assortment/ad6/2d0ef75f40a2a6c33d9a3b60365d3ad6/images/mb_700900001692795145.webp;https://img.armtek.ru/img/article/457/45793914/100x100/45793914_0.png;A2238352400 
LUFTFILTEREINSATZ;5 935 ₽;https://img.armtek.ru/img/uploader/assortment/ad6/2d0ef75f40a2a6c33d9a3b60365d3ad6/images/mb_700900001692795145.webp;https://img.armtek.ru/img/article/498/49826885/100x100/49826885_0.png;A177094000464 
Фильтр воздушный MB 177 094 00 04;7 833 ₽;https://img.armtek.ru/img/uploader/assortment/ad6/2d0ef75f40a2a6c33d9a3b60365d3ad6/images/mb_700900001692795145.webp;https://img.armtek.ru/img/article/120/12004644/100x100/12004644_0.png;A1770940004 
Фильтр воздушный MB 264 094 02 00;2 717 ₽;https://img.armtek.ru/img/uploader/assortment/ad6/2d0ef75f40a2a6c33d9a3b60365d3ad6/images/mb_700900001692795145.webp;https://img.armtek.ru/img/article/291/29122548/100x100/29122548_0.png;A2640940200 
Фильтр воздушный MB 264 094 01 00;6 000 ₽;https://img.armtek.ru/img/uploader/assortment/ad6/2d0ef75f40a2a6c33d9a3b60365d3ad6/images/mb_700900001692795145.webp;https://img.armtek.ru/img/article/175/17512139/100x100/17512139_0.png;A2640940100 
фильтр воздушный MB;2 856 ₽;https://img.armtek.ru/img/uploader/assortment/ad6/2d0ef75f40a2a6c33d9a3b60365d3ad6/images/mb_700900001692795145.webp;https://img.armtek.ru/img/article/464/464960/100x100/464960_0.png;A2750940104 
